<?xml version="1.0" encoding="UTF-8" ?>
<!DOCTYPE mapper
  PUBLIC "-//mybatis.org//DTD Mapper 3.0//EN"
  "https://mybatis.org/dtd/mybatis-3-mapper.dtd">
<mapper namespace="com.ssafy.myboard.board.model.dao.BoardDao">
	
	<!-- 게시물 목록 데이터 -->
	<select id="selectBoardAll" resultType="Board" parameterType="BoardSearch">
		SELECT *
		FROM board
		ORDER BY no DESC
		LIMIT #{offset}, #{listSize};
	</select>
	
	<!-- 게시물 카운트(전체) -->
	<select id="selectBoardCount" resultType="int" parameterType="Board">
		SELECT COUNT(*)
		FROM board;
	</select>
	
	<select id="selectBoardOne" resultType="Board" parameterType="int">
		SELECT *
		FROM board
		WHERE no = #{no};
	</select>
	
	<insert id="insertBoard" parameterType="Board" useGeneratedKeys="true" keyProperty="no">
		<!-- 
		<selectKey order="AFTER" keyProperty="no" resultType="int">
			SELECT LAST_INSERT_ID() AS last_no
			FROM dual;
		</selectKey>
		 -->
		INSERT INTO board (title, writer, content)
		VALUES(#{title}, #{writer}, #{content});
	</insert>

	<insert id="insertBoardFile" parameterType="BoardFile">
		INSERT INTO board_file (file_path, ori_name, system_name, no)
		VALUES(#{filePath}, #{oriName}, #{systemName}, #{no});
	</insert>
	
	<update id="updateBoard" parameterType="Board">
		UPDATE board
		SET title = #{title}, writer = #{writer}, content = #{content}
		WHERE no = #{no}
	</update>
	
	<delete id="deleteBoard" parameterType="int">
		DELETE FROM board
		WHERE no = #{no};
	</delete>
	
	<select id="selectBoardFileByNo" resultType="BoardFile" parameterType="int">
		SELECT *
		FROM board_file
		WHERE no = #{no}
	</select>
	
	<update id="updateViewCntByNo" parameterType="int">
		UPDATE board
		SET view_cnt = view_cnt + 1
		WHERE no = #{no}
	</update>
</mapper>
